,Total,"Men, 20 years and over","Women, 20 years and over",16 to 19 years old,White,Black or African American,Asian,Hispanic or Latino,Wages and salaries,Benefits,All items,Food,Food at home,Food away from home,Energy,Gasoline (all types),Electricity,Natural gas (piped),All items less food and energy,Commodities less food and energy commodities,Apparel,New vehicles,Medical care commodities,Services less energy services,Shelter,Medical care services,Education and communication
2004-05-01,,,,,,,,,,,3.1,4.1,4.9,2.9,15.0,30.0,0.6,3.9,1.7,-1.1,0.7,-0.5,2.8,2.9,2.8,5.1,1.8
2004-05-31,5.6,5.2,4.8,17.1,4.9,10.1,4.6,6.9,,,,,,,,,,,,,,,,,,,
2004-06-01,,,,,,,,,,,3.3,3.7,4.4,2.8,17.0,33.4,1.9,5.5,1.9,-1.0,0.5,-0.1,2.9,3.0,2.9,5.2,2.1
2004-06-30,5.6,5.1,5.0,17.0,5.0,10.2,4.6,6.6,,,,,,,,,,,,,,,,,,,
2004-07-01,,,,,,,,,,,3.0,4.0,4.6,3.0,14.3,26.5,2.0,7.1,1.8,-1.2,-0.3,-0.6,2.4,3.0,2.9,5.2,1.8
2004-07-31,5.5,5.0,4.8,17.8,4.7,11.0,3.9,6.8,,,,,,,,,,,,,,,,,,,
2004-08-01,,,,,,,,,,,2.7,3.5,3.9,3.2,10.5,16.5,2.2,9.4,1.7,-1.1,-0.6,-1.4,2.2,2.9,2.8,5.2,1.5
2004-08-31,5.4,5.0,4.7,16.7,4.7,10.5,3.7,6.8,,,,,,,,,,,,,,,,,,,
2004-09-01,,,,,,,,,,,2.5,3.3,3.3,3.3,6.7,9.6,1.6,6.2,2.0,-0.6,-0.7,-1.1,2.3,3.0,3.0,5.0,1.8
2004-09-30,5.4,5.0,4.6,16.6,4.6,10.3,4.5,6.8,,,,,,,,,,,,,,,,,,,
2004-10-01,,,,,,,,,,,3.2,3.4,3.5,3.3,15.2,26.6,0.9,8.0,2.0,0.1,-0.6,-0.4,2.6,2.8,2.7,5.1,1.4
2004-10-31,5.5,4.9,4.7,17.4,4.6,10.8,4.9,6.8,,,,,,,,,,,,,,,,,,,
2004-11-01,,,,,,,,,,,3.5,3.2,3.1,3.2,19.2,30.9,2.3,17.1,2.2,0.5,-0.1,0.3,2.7,2.8,2.7,5.0,1.7
2004-11-30,5.4,4.9,4.7,16.4,4.6,10.7,4.1,6.7,,,,,,,,,,,,,,,,,,,
2004-12-01,,,,,,,,,,,3.3,2.7,2.4,3.0,16.6,26.1,2.1,16.4,2.2,0.6,-0.2,0.6,2.2,2.8,2.7,4.9,1.5
2004-12-31,5.4,4.8,4.6,17.6,4.5,10.7,4.2,6.6,,,,,,,,,,,,,,,,,,,
2005-01-01,,,,,,,,,,,3.0,2.9,2.7,3.2,10.6,14.3,3.5,11.2,2.3,0.9,0.3,1.3,2.3,2.8,2.7,5.0,1.4
2005-01-31,5.3,4.7,4.7,16.2,4.5,10.6,4.1,6.0,,,,,,,,,,,,,,,,,,,
2005-02-01,,,,,,,,,,,3.0,2.6,2.2,3.2,10.4,14.7,3.2,9.0,2.4,0.7,0.1,1.2,2.3,3.0,3.0,5.0,1.4
2005-02-28,5.4,4.8,4.7,17.5,4.6,10.9,4.3,6.3,,,,,,,,,,,,,,,,,,,
2005-03-01,,,,,,,,,,,3.1,2.5,2.1,3.2,12.4,16.8,4.3,10.9,2.3,0.6,0.0,0.9,2.2,3.0,3.0,5.0,1.4
2005-03-31,5.2,4.6,4.6,17.1,4.5,10.5,3.9,5.8,,,,,,,,,,,,,,,,,,,
2005-04-01,,,,,,,,,,,3.5,3.1,3.1,3.2,17.1,24.2,4.1,16.4,2.2,0.5,-0.5,0.9,1.9,2.9,2.7,5.0,1.8
2005-04-30,5.2,4.4,4.6,17.8,4.4,10.3,4.2,6.4,,,,,,,,,,,,,,,,,,,
2005-05-01,,,,,,,,,,,2.8,2.4,2.0,3.2,9.9,10.3,5.0,14.7,2.2,0.6,-0.8,0.9,2.0,2.7,2.4,5.0,1.9
2005-05-31,5.1,4.3,4.7,17.8,4.4,10.1,4.2,6.0,,,,,,,,,,,,,,,,,,,
2005-06-01,,,,,,,,,,,2.5,2.2,1.4,3.3,7.3,6.9,5.6,7.7,2.0,0.4,-1.5,0.7,2.2,2.7,2.4,4.8,1.8
2005-06-30,5.0,4.3,4.6,16.3,4.3,10.2,3.6,5.7,,,,,,,,,,,,,,,,,,,
2005-07-01,,,,,,,,,,,3.2,2.1,1.4,3.1,14.2,19.5,5.5,10.6,2.1,0.5,-1.8,0.3,2.4,2.8,2.5,4.8,1.8
2005-07-31,5.0,4.2,4.6,16.1,4.2,9.2,4.8,5.5,,,,,,,,,,,,,,,,,,,
2005-08-01,,,,,,,,,,,3.6,2.2,1.5,3.1,20.2,31.3,5.7,11.9,2.1,0.7,-0.6,0.1,2.5,2.7,2.4,4.4,1.8
2005-08-31,4.9,4.3,4.4,16.1,4.2,9.7,3.7,5.8,,,,,,,,,,,,,,,,,,,
2005-09-01,,,,,,,,,,,4.7,2.5,2.1,3.0,34.8,54.8,6.4,28.1,2.0,0.6,-0.6,0.7,2.5,2.5,1.9,4.4,2.1
2005-09-30,5.0,4.5,4.6,15.5,4.4,9.4,4.3,6.4,,,,,,,,,,,,,,,,,,,
2005-10-01,,,,,,,,,,,4.3,2.2,1.5,3.1,29.5,37.0,8.4,45.3,2.1,0.4,-1.1,0.9,2.6,2.7,2.3,4.6,2.3
2005-10-31,5.0,4.3,4.5,16.1,4.4,9.1,3.2,6.0,,,,,,,,,,,,,,,,,,,
2005-11-01,,,,,,,,,,,3.5,2.2,1.5,3.2,18.3,16.1,11.4,36.1,2.1,0.1,-1.2,0.1,3.4,2.9,2.5,4.8,2.3
2005-11-30,5.0,4.3,4.6,17.0,4.3,10.6,3.6,6.1,,,,,,,,,,,,,,,,,,,
2005-12-01,,,,,,,,,,,3.4,2.3,1.7,3.2,17.1,16.1,10.7,30.2,2.2,0.2,-1.1,-0.4,3.7,2.9,2.6,4.5,2.4
2005-12-31,4.9,4.3,4.4,14.9,4.2,9.2,3.8,6.1,,,,,,,,,,,,,,,,,,,
2006-01-01,,,,,,,,,,,4.0,2.6,2.4,3.0,24.8,27.4,15.0,34.5,2.1,0.1,-1.0,-0.4,3.8,2.9,2.6,4.1,2.7
2006-01-31,4.7,4.1,4.3,15.1,4.1,8.9,3.0,5.5,,,,,,,,,,,,,,,,,,,
2006-02-01,,,,,,,,,,,3.6,2.8,2.4,3.0,20.1,20.6,15.4,26.7,2.1,0.0,-1.8,-0.4,3.8,2.9,2.6,4.1,2.6
2006-02-28,4.8,4.2,4.3,15.3,4.1,9.5,3.0,5.4,,,,,,,,,,,,,,,,,,,
2006-03-01,,,,,,,,,2.4,3.0,3.4,2.6,2.2,3.1,17.3,17.0,14.9,21.9,2.1,0.3,-1.2,-0.2,4.1,2.8,2.5,4.1,2.6
2006-03-31,4.7,4.1,4.2,16.1,4.0,9.5,3.5,5.2,,,,,,,,,,,,,,,,,,,
2006-04-01,,,,,,,,,,,3.5,1.8,0.9,3.1,17.8,21.5,14.8,11.0,2.3,0.4,-0.2,-0.3,4.3,3.1,2.8,4.1,2.6
2006-04-30,4.7,4.2,4.3,14.6,4.1,9.4,3.9,5.5,,,,,,,,,,,,,,,,,,,
2006-05-01,,,,,,,,,,,4.2,1.9,0.8,3.2,23.6,33.4,13.0,10.0,2.4,0.3,0.0,-0.7,4.3,3.3,3.2,4.1,2.7
2006-05-31,4.6,4.2,4.1,14.0,4.1,8.7,3.3,5.0,,,,,,,,,,,,,,,,,,,
2006-06-01,,,,,,,,,2.8,2.7,4.3,2.2,1.5,3.1,23.3,34.0,12.8,7.6,2.6,0.5,0.5,-0.7,3.9,3.5,3.4,4.2,2.7
2006-06-30,4.6,4.0,4.1,15.8,4.1,8.9,3.1,5.2,,,,,,,,,,,,,,,,,,,
2006-07-01,,,,,,,,,,,4.1,2.2,1.5,3.2,20.5,29.6,12.7,4.0,2.7,0.5,0.0,0.4,3.9,3.5,3.5,4.0,3.0
2006-07-31,4.7,4.1,4.2,15.9,4.1,9.5,2.4,5.2,,,,,,,,,,,,,,,,,,,
2006-08-01,,,,,,,,,,,3.8,2.4,1.9,3.1,15.1,19.6,12.0,2.8,2.8,0.6,0.3,1.0,3.9,3.7,3.8,4.4,3.3
2006-08-31,4.7,4.1,4.1,16.0,4.1,8.8,3.0,5.3,,,,,,,,,,,,,,,,,,,
2006-09-01,,,,,,,,,3.0,2.8,2.1,2.5,2.2,3.0,-4.3,-11.9,11.8,-6.1,2.9,0.5,1.0,0.4,3.7,3.9,4.2,4.4,2.7
2006-09-30,4.5,3.7,4.2,16.3,3.9,9.0,3.0,5.5,,,,,,,,,,,,,,,,,,,
2006-10-01,,,,,,,,,,,1.3,2.6,2.3,3.0,-11.3,-18.3,10.4,-24.0,2.7,0.1,0.5,-0.2,3.3,3.8,4.0,4.2,3.0
2006-10-31,4.4,3.9,3.9,15.2,3.9,8.4,2.8,4.8,,,,,,,,,,,,,,,,,,,
2006-11-01,,,,,,,,,,,2.0,2.3,1.7,3.1,-3.8,-4.2,6.5,-19.8,2.6,-0.1,0.2,-0.9,2.2,3.7,4.2,4.1,2.4
2006-11-30,4.5,4.0,4.0,14.8,4.0,8.5,3.1,5.1,,,,,,,,,,,,,,,,,,,
2006-12-01,,,,,,,,,3.2,3.1,2.5,2.1,1.4,3.2,2.9,6.4,7.5,-14.2,2.6,-0.1,0.9,-0.9,1.8,3.7,4.2,4.1,2.3
2006-12-31,4.4,3.9,3.9,14.6,3.9,8.3,2.5,5.0,,,,,,,,,,,,,,,,,,,
2007-01-01,,,,,,,,,,,2.1,2.4,1.7,3.3,-3.1,-2.7,4.1,-17.7,2.7,-0.2,0.9,-1.2,2.2,3.8,4.3,4.9,1.8
2007-01-31,4.6,4.2,4.0,14.8,4.2,7.9,3.1,5.5,,,,,,,,,,,,,,,,,,,
2007-02-01,,,,,,,,,,,2.4,3.1,2.9,3.4,-1.0,-1.4,3.7,-9.7,2.7,0.0,2.1,-1.4,1.6,3.8,4.2,5.1,2.0
2007-02-28,4.5,4.2,3.8,14.9,4.1,8.0,2.6,5.1,,,,,,,,,,,,,,,,,,,
2007-03-01,,,,,,,,,3.6,2.2,2.8,3.3,3.4,3.3,4.4,7.2,3.8,-3.2,2.5,-0.3,0.5,-1.1,0.9,3.6,3.9,4.9,2.3
2007-03-31,4.4,4.0,3.8,14.9,3.8,8.4,3.0,5.0,,,,,,,,,,,,,,,,,,,
2007-04-01,,,,,,,,,,,2.6,3.7,3.9,3.4,2.9,3.2,3.7,0.2,2.3,-0.5,-0.4,-1.0,1.1,3.5,3.9,5.0,2.2
2007-04-30,4.5,4.0,3.9,15.9,4.0,8.3,3.5,5.6,,,,,,,,,,,,,,,,,,,
2007-05-01,,,,,,,,,,,2.7,3.9,4.4,3.3,4.7,6.0,4.1,1.7,2.2,-0.7,-0.8,-1.0,0.8,3.4,3.8,5.0,2.7
2007-05-31,4.4,4.0,3.8,15.9,3.9,8.3,3.2,5.8,,,,,,,,,,,,,,,,,,,
2007-06-01,,,,,,,,,3.3,2.6,2.7,4.1,4.6,3.4,4.6,5.0,3.4,7.2,2.2,-0.8,-1.4,-1.0,0.8,3.4,3.8,5.0,2.4
2007-06-30,4.6,4.0,3.9,16.3,4.1,8.5,2.7,5.5,,,,,,,,,,,,,,,,,,,
2007-07-01,,,,,,,,,,,2.4,4.2,4.6,3.6,1.0,-1.1,3.1,5.2,2.2,-0.6,-0.3,-1.1,1.1,3.3,3.6,5.4,2.3
2007-07-31,4.7,4.2,4.2,15.3,4.2,8.1,2.7,5.9,,,,,,,,,,,,,,,,,,,
2007-08-01,,,,,,,,,,,2.0,4.3,4.7,3.8,-2.5,-6.4,3.0,0.5,2.1,-0.7,-1.4,-0.9,1.2,3.2,3.4,5.5,2.4
2007-08-31,4.6,4.1,4.1,15.9,4.2,7.6,3.5,5.5,,,,,,,,,,,,,,,,,,,
2007-09-01,,,,,,,,,3.4,2.4,2.8,4.5,4.7,4.1,5.3,8.7,3.1,-2.6,2.1,-0.8,-1.8,-1.0,1.1,3.3,3.5,5.6,2.4
2007-09-30,4.7,4.2,4.1,15.9,4.2,8.0,3.4,5.9,,,,,,,,,,,,,,,,,,,
2007-10-01,,,,,,,,,,,3.5,4.4,4.7,4.1,14.5,23.4,4.7,5.9,2.2,-0.5,-1.2,-1.1,1.4,3.2,3.2,5.9,2.6
2007-10-31,4.7,4.3,4.1,15.4,4.1,8.5,3.8,5.7,,,,,,,,,,,,,,,,,,,
2007-11-01,,,,,,,,,,,4.3,4.8,5.4,4.1,21.4,37.1,5.5,1.9,2.3,0.0,-0.4,-0.4,2.3,3.3,3.1,5.8,2.8
2007-11-30,4.7,4.2,4.2,16.2,4.2,8.5,3.6,5.9,,,,,,,,,,,,,,,,,,,
2007-12-01,,,,,,,,,3.3,2.4,4.1,4.9,5.6,4.0,17.4,29.6,5.2,-0.4,2.4,0.1,-0.3,-0.3,2.7,3.3,3.1,5.9,3.0
2007-12-31,5.0,4.4,4.4,16.8,4.4,9.0,3.7,6.3,,,,,,,,,,,,,,,,,,,
2008-01-01,,,,,,,,,,,4.3,4.9,5.8,3.9,19.6,34.5,3.7,1.2,2.5,0.2,-0.2,-0.6,2.5,3.4,3.1,5.7,3.4
2008-01-31,5.0,4.5,4.3,17.8,4.4,9.1,3.1,6.3,,,,,,,,,,,,,,,,,,,
2008-02-01,,,,,,,,,,,4.0,4.6,5.1,3.9,18.9,32.7,3.4,3.5,2.3,0.0,-1.0,-0.8,2.9,3.2,2.9,5.0,3.2
2008-02-29,4.9,4.4,4.2,16.6,4.4,8.4,2.9,6.2,,,,,,,,,,,,,,,,,,,
2008-03-01,,,,,,,,,3.2,3.2,4.0,4.5,4.7,4.1,17.0,26.0,3.7,5.3,2.4,0.0,-1.4,-1.1,3.6,3.3,2.9,4.8,3.0
2008-03-31,5.1,4.6,4.5,16.1,4.5,9.2,3.6,6.9,,,,,,,,,,,,,,,,,,,
2008-04-01,,,,,,,,,,,3.9,5.1,5.9,4.1,15.9,20.7,5.0,10.9,2.3,0.1,-0.7,-1.3,3.0,3.1,2.6,4.7,3.2
2008-04-30,5.0,4.6,4.2,15.9,4.4,8.6,3.5,7.1,,,,,,,,,,,,,,,,,,,
2008-05-01,,,,,,,,,,,4.2,5.1,5.8,4.3,17.4,20.8,5.8,16.5,2.3,0.1,-0.6,-1.2,2.2,3.2,2.6,4.7,3.0
2008-05-31,5.4,4.9,4.6,19.0,4.8,9.6,4.1,6.9,,,,,,,,,,,,,,,,,,,
2008-06-01,,,,,,,,,3.1,2.6,5.0,5.3,6.1,4.4,24.7,32.8,5.6,21.5,2.4,0.2,-0.2,-1.0,2.3,3.3,2.5,4.6,3.4
2008-06-30,5.6,5.1,4.7,19.2,5.0,9.4,4.2,7.6,,,,,,,,,,,,,,,,,,,
2008-07-01,,,,,,,,,,,5.6,6.0,7.1,4.6,29.3,37.9,7.9,32.7,2.5,0.6,0.8,-0.8,1.6,3.3,2.5,4.1,3.7
2008-07-31,5.8,5.4,4.7,20.7,5.2,10.0,3.7,7.5,,,,,,,,,,,,,,,,,,,
2008-08-01,,,,,,,,,,,5.4,6.1,7.5,4.5,27.2,35.6,9.1,29.3,2.5,0.6,1.7,-1.3,1.3,3.3,2.4,3.9,3.6
2008-08-31,6.1,5.7,5.4,18.6,5.4,10.6,4.5,8.0,,,,,,,,,,,,,,,,,,,
2008-09-01,,,,,,,,,2.9,2.4,4.9,6.2,7.6,4.5,23.1,31.7,7.7,19.0,2.5,0.5,1.4,-1.9,1.4,3.2,2.4,3.8,3.5
2008-09-30,6.1,6.1,5.0,19.1,5.4,11.3,4.0,8.0,,,,,,,,,,,,,,,,,,,
2008-10-01,,,,,,,,,,,3.7,6.3,7.5,4.8,11.5,12.0,8.1,13.9,2.2,0.1,0.3,-2.3,1.2,3.0,2.2,3.4,3.4
2008-10-31,6.5,6.3,5.4,20.0,5.9,11.4,3.9,8.8,,,,,,,,,,,,,,,,,,,
2008-11-01,,,,,,,,,,,1.1,6.0,7.0,4.9,-13.3,-29.4,8.1,7.5,2.0,-0.2,0.0,-2.9,1.4,2.9,2.2,3.1,3.6
2008-11-30,6.8,6.7,5.7,20.3,6.2,11.5,4.8,8.7,,,,,,,,,,,,,,,,,,,
2008-12-01,,,,,,,,,2.6,2.0,0.1,5.9,6.6,5.0,-21.3,-43.1,8.6,5.5,1.8,-0.6,-1.0,-3.2,1.6,2.7,1.9,3.0,3.6
2008-12-31,7.3,7.4,5.9,20.5,6.7,12.1,5.1,9.4,,,,,,,,,,,,,,,,,,,
2009-01-01,,,,,,,,,,,0.0,5.3,5.7,4.9,-20.4,-40.4,8.7,3.2,1.7,-0.5,-0.9,-2.6,1.6,2.5,1.8,3.0,3.6
2009-01-31,7.8,7.9,6.5,20.7,7.1,12.7,6.1,10.1,,,,,,,,,,,,,,,,,,,
2009-02-01,,,,,,,,,,,0.2,4.8,4.8,4.8,-18.5,-35.6,9.2,-3.3,1.8,0.0,0.8,-1.5,2.0,2.5,1.7,3.1,3.6
2009-02-28,8.3,8.5,6.8,22.3,7.6,13.7,6.7,11.3,,,,,,,,,,,,,,,,,,,
2009-03-01,,,,,,,,,2.0,1.6,-0.4,4.4,4.3,4.6,-23.0,-39.3,8.2,-11.4,1.8,0.4,1.4,-0.8,1.9,2.3,1.5,3.1,3.6
2009-03-31,8.7,9.0,7.1,22.2,8.0,13.7,6.5,11.7,,,,,,,,,,,,,,,,,,,
2009-04-01,,,,,,,,,,,-0.7,3.3,2.3,4.6,-25.2,-39.5,6.3,-21.0,1.9,0.9,0.9,-0.2,2.4,2.3,1.6,3.3,3.4
2009-04-30,9.0,9.5,7.1,22.2,8.1,15.0,6.8,11.4,,,,,,,,,,,,,,,,,,,
2009-05-01,,,,,,,,,,,-1.3,2.7,1.5,4.2,-27.3,-39.4,4.8,-29.4,1.8,1.2,0.8,0.4,3.3,2.1,1.5,3.2,3.4
2009-05-31,9.4,9.8,7.5,23.4,8.5,15.0,7.0,12.3,,,,,,,,,,,,,,,,,,,
2009-06-01,,,,,,,,,1.6,1.3,-1.4,2.1,0.8,3.8,-25.5,-34.6,2.8,-32.2,1.7,1.5,1.5,0.9,3.2,1.8,1.3,3.1,3.0
2009-06-30,9.5,9.9,7.6,24.7,8.7,14.8,7.9,12.1,,,,,,,,,,,,,,,,,,,
2009-07-01,,,,,,,,,,,-2.1,0.9,-0.9,3.2,-28.1,-37.3,0.1,-36.2,1.5,1.4,1.1,1.2,3.2,1.6,0.9,3.2,2.8
2009-07-31,9.5,9.8,7.7,24.3,8.7,14.8,8.1,12.5,,,,,,,,,,,,,,,,,,,
2009-08-01,,,,,,,,,,,-1.5,0.4,-1.6,3.0,-23.0,-30.0,-1.2,-32.7,1.4,1.1,0.6,0.5,3.7,1.6,0.9,3.2,2.8
2009-08-31,9.6,10.0,7.7,25.0,8.9,14.8,7.6,13.0,,,,,,,,,,,,,,,,,,,
2009-09-01,,,,,,,,,1.4,1.1,-1.3,-0.2,-2.5,2.6,-21.6,-29.7,-0.1,-28.0,1.5,1.6,1.1,1.6,4.1,1.5,0.7,3.3,2.8
2009-09-30,9.8,10.1,7.9,25.9,8.9,15.3,7.6,12.6,,,,,,,,,,,,,,,,,,,
2009-10-01,,,,,,,,,,,-0.2,-0.6,-2.8,2.2,-14.0,-17.9,-0.6,-24.0,1.7,2.3,1.4,3.8,4.3,1.5,0.7,3.2,2.7
2009-10-31,10.0,10.4,8.0,27.2,9.2,15.8,7.6,12.8,,,,,,,,,,,,,,,,,,,
2009-11-01,,,,,,,,,,,1.8,-0.7,-2.9,2.1,7.4,23.6,0.1,-18.6,1.7,2.6,1.0,4.9,3.8,1.4,0.3,3.5,2.5
2009-11-30,9.9,10.3,7.9,26.9,9.2,15.7,7.2,12.4,,,,,,,,,,,,,,,,,,,
2009-12-01,,,,,,,,,1.3,0.9,2.7,-0.5,-2.4,1.9,18.2,53.5,-0.5,-18.1,1.8,3.0,1.9,4.9,3.3,1.4,0.3,3.4,2.4
2009-12-31,9.9,10.1,8.0,26.7,9.0,16.1,8.4,12.8,,,,,,,,,,,,,,,,,,,
2010-01-01,,,,,,,,,,,2.6,-0.4,-2.0,1.6,19.1,51.3,-1.9,-12.2,1.6,2.9,1.7,4.1,3.5,1.0,-0.1,3.5,2.3
2010-01-31,9.8,10.2,7.9,26.1,8.8,16.5,8.3,12.9,,,,,,,,,,,,,,,,,,,
2010-02-01,,,,,,,,,,,2.1,-0.2,-1.5,1.4,14.4,36.8,-2.7,-8.4,1.3,2.5,0.0,3.5,3.5,0.9,-0.4,3.7,2.3
2010-02-28,9.8,10.3,8.0,25.6,8.9,16.1,8.2,12.7,,,,,,,,,,,,,,,,,,,
2010-03-01,,,,,,,,,1.5,2.0,2.3,0.2,-0.7,1.2,18.3,41.4,-0.5,-5.5,1.1,1.9,-0.4,3.0,3.7,0.8,-0.6,3.8,2.4
2010-03-31,9.9,10.2,8.1,26.2,8.9,16.8,7.6,12.9,,,,,,,,,,,,,,,,,,,
2010-04-01,,,,,,,,,,,2.2,0.5,0.0,1.1,18.5,38.3,0.6,-2.9,0.9,1.2,-0.9,2.5,3.5,0.8,-0.7,3.7,2.4
2010-04-30,9.9,10.2,8.3,25.4,9.0,16.6,7.0,12.5,,,,,,,,,,,,,,,,,,,
2010-05-01,,,,,,,,,,,2.0,0.7,0.3,1.1,14.7,27.0,0.7,2.3,0.9,1.1,-0.6,1.9,3.4,0.9,-0.7,3.4,2.2
2010-05-31,9.6,9.7,8.1,26.5,8.7,15.5,7.8,12.0,,,,,,,,,,,,,,,,,,,
2010-06-01,,,,,,,,,1.6,2.4,1.1,0.7,0.2,1.2,3.0,3.9,0.4,1.9,0.9,1.0,-0.4,1.3,3.3,0.9,-0.7,3.5,2.2
2010-06-30,9.4,9.7,7.7,25.9,8.6,15.2,7.4,12.3,,,,,,,,,,,,,,,,,,,
2010-07-01,,,,,,,,,,,1.2,0.9,0.7,1.1,5.2,7.4,1.3,3.1,0.9,1.0,-0.3,0.9,3.2,0.8,-0.7,3.2,2.1
2010-07-31,9.4,9.6,7.9,25.9,8.5,15.6,7.9,12.2,,,,,,,,,,,,,,,,,,,
2010-08-01,,,,,,,,,,,1.1,1.0,0.8,1.2,3.8,4.4,1.6,3.8,0.9,1.3,-0.4,2.3,3.0,0.7,-0.7,3.2,1.9
2010-08-31,9.5,9.6,8.0,25.5,8.6,15.9,7.3,12.0,,,,,,,,,,,,,,,,,,,
2010-09-01,,,,,,,,,1.6,2.8,1.1,1.4,1.4,1.4,3.8,5.1,1.1,3.0,0.8,0.8,-1.2,2.1,2.6,0.8,-0.4,3.7,1.6
2010-09-30,9.5,9.6,8.0,25.8,8.6,16.0,6.6,12.3,,,,,,,,,,,,,,,,,,,
2010-10-01,,,,,,,,,,,1.2,1.4,1.4,1.4,5.9,9.5,0.6,1.9,0.6,0.1,-1.2,0.4,2.5,0.8,-0.3,3.6,1.4
2010-10-31,9.4,9.4,8.0,27.2,8.6,15.6,7.2,12.3,,,,,,,,,,,,,,,,,,,
2010-11-01,,,,,,,,,,,1.1,1.5,1.7,1.3,3.9,7.3,0.3,-4.8,0.8,-0.2,-0.8,-0.4,2.7,1.1,0.2,3.4,1.6
2010-11-30,9.8,9.9,8.4,24.8,8.9,16.2,7.5,12.9,,,,,,,,,,,,,,,,,,,
2010-12-01,,,,,,,,,1.8,2.9,1.5,1.5,1.7,1.3,7.7,13.8,0.7,-2.8,0.8,-0.4,-1.1,-0.2,2.9,1.3,0.4,3.4,1.3
2010-12-31,9.3,9.4,8.0,25.3,8.5,15.5,7.2,12.9,,,,,,,,,,,,,,,,,,,
2011-01-01,,,,,,,,,,,1.6,1.8,2.1,1.5,7.3,13.4,1.2,-6.4,1.0,-0.2,0.0,0.1,2.7,1.4,0.6,3.0,1.2
2011-01-31,9.1,9.0,7.9,25.7,8.1,15.8,6.8,12.3,,,,,,,,,,,,,,,,,,,
2011-02-01,,,,,,,,,,,2.1,2.3,2.8,1.6,11.0,19.2,2.2,-5.9,1.1,0.0,-0.4,0.9,2.7,1.5,0.8,3.0,1.2
2011-02-28,9.0,8.9,7.9,24.1,8.1,15.5,6.7,11.8,,,,,,,,,,,,,,,,,,,
2011-03-01,,,,,,,,,1.6,3.0,2.7,2.9,3.6,1.9,15.5,27.5,1.0,-5.5,1.2,0.2,-0.6,1.6,2.8,1.6,0.9,2.7,1.1
2011-03-31,9.0,8.8,7.8,24.4,8.0,15.8,7.3,11.6,,,,,,,,,,,,,,,,,,,
2011-04-01,,,,,,,,,,,3.2,3.2,3.9,2.1,19.0,33.1,0.6,-1.5,1.3,0.7,0.1,2.4,3.1,1.6,1.0,2.8,1.0
2011-04-30,9.1,8.9,8.0,24.7,8.1,16.5,6.5,11.9,,,,,,,,,,,,,,,,,,,
2011-05-01,,,,,,,,,,,3.6,3.5,4.4,2.2,21.5,36.9,1.8,-1.2,1.5,1.2,1.0,3.4,3.0,1.6,1.1,3.0,1.0
2011-05-31,9.0,8.8,8.0,23.9,7.9,16.3,7.2,11.6,,,,,,,,,,,,,,,,,,,
2011-06-01,,,,,,,,,1.7,4.0,3.6,3.7,4.7,2.3,20.1,35.6,1.5,-0.8,1.6,1.6,1.9,4.0,2.9,1.6,1.2,2.9,1.0
2011-06-30,9.1,9.0,8.0,24.5,8.1,16.2,6.5,11.5,,,,,,,,,,,,,,,,,,,
2011-07-01,,,,,,,,,,,3.6,4.2,5.4,2.6,19.0,33.6,2.0,-2.8,1.8,1.8,3.1,4.0,3.2,1.7,1.4,3.2,1.0
2011-07-31,9.0,8.8,7.9,24.7,8.0,15.9,7.4,11.2,,,,,,,,,,,,,,,,,,,
2011-08-01,,,,,,,,,,,3.8,4.6,6.0,2.7,18.4,32.4,1.9,-2.0,2.0,2.1,4.2,3.8,3.0,1.9,1.6,3.3,1.1
2011-08-31,9.0,8.7,7.9,25.0,7.9,16.4,7.2,11.2,,,,,,,,,,,,,,,,,,,
2011-09-01,,,,,,,,,1.7,3.3,3.9,4.7,6.3,2.6,19.3,33.3,2.7,0.2,2.0,2.0,3.5,3.6,3.0,2.0,1.7,2.8,1.1
2011-09-30,9.0,8.7,8.2,24.4,7.9,15.9,8.0,11.2,,,,,,,,,,,,,,,,,,,
2011-10-01,,,,,,,,,,,3.5,4.7,6.2,2.7,14.2,23.5,2.9,-2.2,2.1,2.1,4.2,3.4,3.1,2.1,1.8,3.1,1.4
2011-10-31,8.8,8.6,7.8,24.2,7.9,14.6,7.4,11.3,,,,,,,,,,,,,,,,,,,
2011-11-01,,,,,,,,,,,3.4,4.6,5.9,2.9,12.4,19.7,2.7,-1.3,2.2,2.2,4.8,3.3,3.1,2.1,1.8,3.5,1.4
2011-11-30,8.6,8.2,7.8,24.2,7.7,15.6,6.4,11.2,,,,,,,,,,,,,,,,,,,
2011-12-01,,,,,,,,,1.6,3.6,3.0,4.7,6.0,2.9,6.6,9.9,2.2,-3.7,2.2,2.2,4.6,3.2,3.2,2.3,1.9,3.6,1.7
2011-12-31,8.5,8.0,7.8,23.3,7.5,15.4,6.8,11.1,,,,,,,,,,,,,,,,,,,
2012-01-01,,,,,,,,,,,2.9,4.4,5.3,3.1,6.1,9.7,2.4,-5.5,2.3,2.2,4.7,3.2,3.2,2.3,2.0,3.7,1.8
2012-01-31,8.3,7.7,7.6,23.6,7.4,13.6,6.7,10.7,,,,,,,,,,,,,,,,,,,
2012-02-01,,,,,,,,,,,2.9,3.9,4.5,3.1,7.0,12.6,1.9,-9.8,2.2,2.0,4.2,3.0,3.3,2.2,2.0,3.4,1.9
2012-02-29,8.3,7.7,7.6,23.8,7.4,14.0,6.2,10.9,,,,,,,,,,,,,,,,,,,
2012-03-01,,,,,,,,,1.9,2.8,2.7,3.3,3.6,3.0,4.6,9.0,0.6,-9.1,2.3,2.1,4.9,2.5,3.3,2.3,2.1,3.5,2.0
2012-03-31,8.2,7.7,7.4,24.8,7.3,14.0,6.4,10.6,,,,,,,,,,,,,,,,,,,
2012-04-01,,,,,,,,,,,2.3,3.1,3.3,2.9,0.9,3.2,0.6,-11.6,2.3,2.0,5.1,2.2,2.7,2.4,2.2,3.7,2.0
2012-04-30,8.2,7.6,7.4,25.0,7.4,13.3,5.4,10.3,,,,,,,,,,,,,,,,,,,
2012-05-01,,,,,,,,,,,1.7,2.8,2.7,2.9,-3.9,-4.0,0.2,-14.9,2.3,1.6,4.4,1.3,2.7,2.5,2.3,3.9,2.2
2012-05-31,8.2,7.7,7.4,24.4,7.4,13.5,5.5,10.9,,,,,,,,,,,,,,,,,,,
2012-06-01,,,,,,,,,1.8,1.9,1.7,2.7,2.6,2.9,-3.9,-4.3,0.5,-13.6,2.2,1.4,3.9,0.9,2.9,2.5,2.2,4.3,2.2
2012-06-30,8.2,7.7,7.4,23.3,7.3,14.5,6.1,10.9,,,,,,,,,,,,,,,,,,,
2012-07-01,,,,,,,,,,,1.4,2.3,1.9,2.9,-5.0,-5.5,-1.3,-12.7,2.1,1.1,3.0,0.8,3.4,2.5,2.1,4.4,2.1
2012-07-31,8.2,7.7,7.4,23.6,7.3,14.2,5.9,10.2,,,,,,,,,,,,,,,,,,,
2012-08-01,,,,,,,,,,,1.7,2.0,1.5,2.8,-0.6,1.8,-1.2,-11.2,1.9,0.7,1.7,1.0,3.6,2.4,2.1,4.2,1.5
2012-08-31,8.1,7.6,7.3,24.2,7.2,13.8,5.9,10.1,,,,,,,,,,,,,,,,,,,
2012-09-01,,,,,,,,,1.8,2.2,2.0,1.6,0.8,2.8,2.3,6.8,-1.5,-10.7,2.0,0.7,2.7,1.0,3.3,2.5,2.2,4.4,1.5
2012-09-30,7.8,7.3,7.1,23.8,7.0,13.6,4.9,9.7,,,,,,,,,,,,,,,,,,,
2012-10-01,,,,,,,,,,,2.2,1.7,1.0,2.7,4.0,9.1,-1.2,-8.4,2.0,0.7,3.0,1.0,3.0,2.5,2.3,3.9,1.5
2012-10-31,7.8,7.2,7.1,23.9,6.9,14.1,4.9,10.0,,,,,,,,,,,,,,,,,,,
2012-11-01,,,,,,,,,,,1.8,1.8,1.3,2.6,0.3,1.9,-0.7,-4.7,1.9,0.5,1.8,1.4,2.3,2.5,2.2,3.7,1.5
2012-11-30,7.7,7.2,7.0,23.9,6.8,13.3,6.3,9.9,,,,,,,,,,,,,,,,,,,
2012-12-01,,,,,,,,,1.7,2.0,1.7,1.8,1.3,2.5,0.5,1.7,-0.5,-2.9,1.9,0.3,1.8,1.6,1.7,2.5,2.2,3.7,1.5
2012-12-31,7.9,7.2,7.4,24.1,6.9,14.0,6.6,9.6,,,,,,,,,,,,,,,,,,,
2013-01-01,,,,,,,,,,,1.6,1.6,1.1,2.3,-1.0,-1.5,0.5,-2.5,1.9,0.4,2.1,1.7,1.5,2.5,2.2,3.6,1.6
2013-01-31,8.0,7.5,7.2,23.7,7.1,13.7,6.4,9.7,,,,,,,,,,,,,,,,,,,
2013-02-01,,,,,,,,,,,2.0,1.6,1.2,2.3,2.3,3.3,0.8,1.3,2.0,0.3,2.4,1.1,0.8,2.6,2.3,3.9,1.7
2013-02-28,7.7,7.0,7.0,25.2,6.8,13.8,6.0,9.7,,,,,,,,,,,,,,,,,,,
2013-03-01,,,,,,,,,1.7,2.0,1.5,1.5,1.0,2.3,-1.6,-3.1,0.9,1.8,1.9,0.0,0.8,1.1,0.6,2.5,2.2,3.9,1.8
2013-03-31,7.5,6.9,6.9,24.0,6.7,13.0,5.1,9.3,,,,,,,,,,,,,,,,,,,
2013-04-01,,,,,,,,,,,1.1,1.5,1.0,2.3,-4.3,-8.3,1.1,7.6,1.7,-0.1,0.3,1.2,0.7,2.3,2.2,3.4,1.5
2013-04-30,7.6,7.2,6.7,24.4,6.7,13.3,5.3,9.0,,,,,,,,,,,,,,,,,,,
2013-05-01,,,,,,,,,,,1.4,1.4,0.8,2.3,-1.0,-4.1,1.7,14.2,1.7,-0.2,0.2,1.1,0.0,2.3,2.3,2.9,1.3
2013-05-31,7.5,7.1,6.5,24.4,6.7,13.4,4.5,9.0,,,,,,,,,,,,,,,,,,,
2013-06-01,,,,,,,,,1.9,1.9,1.8,1.4,0.9,2.2,3.2,2.8,1.9,11.7,1.6,-0.2,0.8,1.2,0.1,2.3,2.3,2.8,1.2
2013-06-30,7.5,7.0,6.8,23.1,6.6,14.2,4.7,9.1,,,,,,,,,,,,,,,,,,,
2013-07-01,,,,,,,,,,,2.0,1.4,1.0,2.1,4.7,5.2,3.1,8.8,1.7,-0.2,1.6,1.2,-0.1,2.4,2.3,2.6,1.3
2013-07-31,7.3,7.0,6.3,23.3,6.5,12.6,5.3,9.4,,,,,,,,,,,,,,,,,,,
2013-08-01,,,,,,,,,,,1.5,1.4,1.0,2.0,-0.1,-2.4,2.8,4.8,1.8,0.0,1.8,1.1,0.0,2.4,2.4,3.1,1.6
2013-08-31,7.2,7.1,6.2,22.5,6.4,12.8,5.1,9.2,,,,,,,,,,,,,,,,,,,
2013-09-01,,,,,,,,,1.8,2.0,1.2,1.4,1.0,1.9,-3.1,-7.5,3.2,5.3,1.7,-0.1,0.8,1.2,0.2,2.4,2.4,3.1,1.5
2013-09-30,7.2,7.1,6.2,21.3,6.3,13.0,5.4,8.8,,,,,,,,,,,,,,,,,,,
2013-10-01,,,,,,,,,,,1.0,1.3,0.8,1.9,-4.8,-10.1,3.0,4.4,1.7,-0.1,-0.2,1.0,0.5,2.3,2.3,2.9,1.6
2013-10-31,7.2,6.9,6.3,22.2,6.3,12.8,5.4,9.1,,,,,,,,,,,,,,,,,,,
2013-11-01,,,,,,,,,,,1.2,1.2,0.6,2.1,-2.4,-5.8,2.9,1.0,1.7,-0.2,-0.1,0.6,0.8,2.4,2.4,2.6,1.6
2013-11-30,6.9,6.6,6.2,20.7,6.1,12.3,5.2,8.7,,,,,,,,,,,,,,,,,,,
2013-12-01,,,,,,,,,2.1,1.9,1.5,1.1,0.4,2.1,0.5,-1.0,3.2,-0.1,1.7,-0.1,0.6,0.4,0.3,2.3,2.5,2.5,1.6
2013-12-31,6.7,6.3,6.1,20.4,5.9,11.9,4.3,8.3,,,,,,,,,,,,,,,,,,,
2014-01-01,,,,,,,,,,,1.6,1.1,0.5,2.0,2.1,0.1,4.4,4.9,1.6,-0.3,-0.3,0.0,0.8,2.3,2.6,2.5,1.3
2014-01-31,6.6,6.2,5.8,20.4,5.7,12.1,4.7,8.3,,,,,,,,,,,,,,,,,,,
2014-02-01,,,,,,,,,,,1.1,1.4,0.9,2.2,-2.5,-8.1,3.8,8.3,1.6,-0.4,-0.6,0.3,1.7,2.2,2.6,2.4,1.1
2014-02-28,6.7,6.3,5.9,21.4,5.8,11.8,5.9,8.2,,,,,,,,,,,,,,,,,,,
2014-03-01,,,,,,,,,1.7,1.8,1.5,1.7,1.4,2.3,0.4,-4.7,5.3,16.4,1.7,-0.3,0.5,0.2,1.3,2.3,2.7,2.4,1.1
2014-03-31,6.7,6.1,6.2,20.8,5.8,12.1,5.5,7.9,,,,,,,,,,,,,,,,,,,
2014-04-01,,,,,,,,,,,2.0,1.9,1.7,2.2,3.3,2.4,2.1,11.8,1.8,-0.3,0.6,0.4,1.6,2.6,2.8,2.7,1.5
2014-04-30,6.2,5.9,5.6,19.4,5.3,11.6,5.9,7.2,,,,,,,,,,,,,,,,,,,
2014-05-01,,,,,,,,,,,2.1,2.5,2.7,2.2,3.3,2.3,3.6,7.3,2.0,-0.2,0.8,0.5,2.5,2.7,2.9,3.0,1.5
2014-05-31,6.3,5.9,5.8,19.3,5.4,11.4,5.7,7.7,,,,,,,,,,,,,,,,,,,
2014-06-01,,,,,,,,,1.9,2.4,2.1,2.3,2.4,2.2,3.2,2.0,4.2,5.1,1.9,-0.2,0.9,0.0,2.8,2.7,2.8,2.6,1.6
2014-06-30,6.1,5.7,5.3,20.4,5.3,11.0,4.7,7.8,,,,,,,,,,,,,,,,,,,
2014-07-01,,,,,,,,,,,2.0,2.5,2.7,2.4,2.6,0.8,4.0,6.9,1.9,-0.3,0.3,0.2,3.0,2.6,2.9,2.5,1.6
2014-07-31,6.2,5.7,5.6,20.3,5.3,11.6,4.2,7.7,,,,,,,,,,,,,,,,,,,
2014-08-01,,,,,,,,,,,1.7,2.7,2.9,2.5,0.4,-2.8,4.1,5.8,1.7,-0.4,0.0,0.4,2.6,2.5,2.9,1.9,1.5
2014-08-31,6.1,5.7,5.6,19.4,5.3,11.4,4.5,7.4,,,,,,,,,,,,,,,,,,,
2014-09-01,,,,,,,,,2.3,2.3,1.7,3.0,3.2,2.7,-0.6,-3.6,2.8,5.8,1.7,-0.3,0.5,0.3,2.9,2.4,3.0,1.7,1.3
2014-09-30,5.9,5.3,5.5,20.1,5.1,11.0,4.4,6.8,,,,,,,,,,,,,,,,,,,
2014-10-01,,,,,,,,,,,1.7,3.1,3.3,2.8,-1.6,-5.0,3.1,3.4,1.8,-0.2,0.7,0.6,2.6,2.5,3.0,1.9,0.8
2014-10-31,5.7,5.1,5.4,18.7,4.9,10.6,5.1,6.8,,,,,,,,,,,,,,,,,,,
2014-11-01,,,,,,,,,,,1.3,3.2,3.4,2.9,-4.8,-10.5,2.8,3.2,1.7,-0.5,-0.3,0.6,3.1,2.5,3.0,2.3,0.6
2014-11-30,5.8,5.4,5.3,17.2,5.0,10.9,4.8,6.6,,,,,,,,,,,,,,,,,,,
2014-12-01,,,,,,,,,2.2,2.5,0.8,3.4,3.7,3.0,-10.6,-21.0,3.1,5.8,1.6,-0.8,-2.0,0.5,4.8,2.4,2.9,2.4,0.4
2014-12-31,5.6,5.2,5.1,16.9,4.7,10.6,4.4,6.4,,,,,,,,,,,,,,,,,,,
2015-01-01,,,,,,,,,,,-0.1,3.2,3.3,3.1,-19.6,-35.4,2.5,-0.4,1.6,-0.8,-1.4,0.5,3.9,2.5,2.9,2.3,0.4
2015-01-31,5.7,5.3,5.0,18.5,4.9,10.3,4.0,6.7,,,,,,,,,,,,,,,,,,,
2015-02-01,,,,,,,,,,,0.0,3.0,2.9,3.1,-18.8,-32.8,3.2,-6.5,1.7,-0.5,-0.8,0.6,3.9,2.5,3.0,1.8,0.4
2015-02-28,5.5,5.2,4.9,16.9,4.7,10.1,4.0,6.8,,,,,,,,,,,,,,,,,,,
2015-03-01,,,,,,,,,2.8,2.6,-0.1,2.3,1.9,2.9,-18.3,-29.2,0.9,-14.4,1.8,-0.2,-0.5,0.8,4.2,2.4,3.0,1.9,0.3
2015-03-31,5.4,5.1,4.9,17.5,4.8,9.9,3.2,6.8,,,,,,,,,,,,,,,,,,,
2015-04-01,,,,,,,,,,,-0.2,2.0,1.3,2.9,-19.4,-31.7,3.8,-16.3,1.8,-0.2,-0.8,0.8,4.1,2.5,3.0,2.6,0.3
2015-04-30,5.4,5.0,5.0,17.2,4.7,9.7,4.4,6.8,,,,,,,,,,,,,,,,,,,
2015-05-01,,,,,,,,,,,0.0,1.6,0.6,3.0,-16.3,-25.0,0.5,-15.4,1.7,-0.3,-1.5,0.8,3.9,2.4,2.9,2.5,0.1
2015-05-31,5.6,5.2,5.1,17.8,4.8,10.3,4.1,6.8,,,,,,,,,,,,,,,,,,,
2015-06-01,,,,,,,,,2.2,1.4,0.1,1.8,1.0,3.0,-15.0,-23.3,0.0,-13.0,1.8,-0.4,-1.8,1.2,3.3,2.5,3.0,2.3,0.1
2015-06-30,5.3,4.8,4.7,18.0,4.6,9.7,3.9,6.7,,,,,,,,,,,,,,,,,,,
2015-07-01,,,,,,,,,,,0.2,1.6,0.9,2.7,-14.8,-22.3,-0.7,-14.2,1.8,-0.5,-1.6,0.7,3.1,2.6,3.1,2.3,0.1
2015-07-31,5.2,4.8,4.8,16.4,4.5,9.1,3.9,6.9,,,,,,,,,,,,,,,,,,,
2015-08-01,,,,,,,,,,,0.2,1.6,0.8,2.7,-15.0,-23.3,-0.6,-11.5,1.8,-0.5,-0.9,0.6,3.4,2.6,3.1,2.2,0.1
2015-08-31,5.1,4.7,4.6,16.9,4.4,9.4,3.4,6.6,,,,,,,,,,,,,,,,,,,
2015-09-01,,,,,,,,,2.1,1.4,0.0,1.6,0.8,2.9,-18.4,-29.6,-0.4,-12.1,1.9,-0.5,-1.4,0.5,2.7,2.7,3.2,2.4,0.4
2015-09-30,5.0,4.7,4.6,16.5,4.4,9.3,3.5,6.2,,,,,,,,,,,,,,,,,,,
2015-10-01,,,,,,,,,,,0.2,1.6,0.7,2.9,-17.1,-27.8,-0.5,-11.0,1.9,-0.7,-1.9,0.1,2.8,2.8,3.2,3.0,1.0
2015-10-31,5.0,4.7,4.6,15.9,4.4,9.0,3.5,6.3,,,,,,,,,,,,,,,,,,,
2015-11-01,,,,,,,,,,,0.5,1.3,0.3,2.7,-14.7,-24.1,-0.2,-11.7,2.0,-0.6,-1.5,0.2,2.5,2.9,3.2,3.1,1.3
2015-11-30,5.1,4.8,4.6,15.3,4.4,9.4,3.9,6.4,,,,,,,,,,,,,,,,,,,
2015-12-01,,,,,,,,,2.1,1.3,0.7,0.8,-0.4,2.6,-12.6,-19.7,-1.2,-14.9,2.1,-0.4,-0.9,0.2,1.5,2.9,3.2,2.9,1.4
2015-12-31,5.0,4.6,4.5,16.2,4.4,8.5,4.1,6.2,,,,,,,,,,,,,,,,,,,
2016-01-01,,,,,,,,,,,1.4,0.8,-0.5,2.7,-6.5,-7.3,-2.4,-12.7,2.2,-0.1,-0.5,0.6,2.1,3.0,3.2,3.3,1.4
2016-01-31,4.8,4.3,4.5,15.9,4.2,8.5,3.6,5.9,,,,,,,,,,,,,,,,,,,
2016-02-01,,,,,,,,,,,1.0,0.9,-0.3,2.6,-12.5,-20.7,-3.0,-10.3,2.3,0.1,0.9,0.6,2.2,3.1,3.3,3.9,1.2
2016-02-29,4.9,4.4,4.5,15.4,4.2,8.6,3.8,5.5,,,,,,,,,,,,,,,,,,,
2016-03-01,,,,,,,,,2.0,1.2,0.9,0.8,-0.5,2.7,-12.6,-20.9,-1.7,-9.2,2.2,-0.4,-0.6,0.4,2.4,3.0,3.2,3.6,1.2
2016-03-31,5.0,4.5,4.7,16.0,4.3,8.9,3.9,5.6,,,,,,,,,,,,,,,,,,,
2016-04-01,,,,,,,,,,,1.1,0.9,-0.3,2.7,-8.9,-13.8,-2.1,-6.5,2.1,-0.5,-0.6,0.0,2.7,3.0,3.2,3.1,1.2
2016-04-30,5.1,4.7,4.6,16.1,4.4,8.8,3.8,6.2,,,,,,,,,,,,,,,,,,,
2016-05-01,,,,,,,,,,,1.0,0.7,-0.7,2.6,-10.1,-16.9,-1.3,-4.7,2.2,-0.5,0.5,-0.2,2.0,3.2,3.4,3.5,1.1
2016-05-31,4.8,4.4,4.3,15.9,4.2,8.2,4.1,5.7,,,,,,,,,,,,,,,,,,,
2016-06-01,,,,,,,,,2.6,1.7,1.0,0.3,-1.3,2.6,-9.4,-15.4,-1.8,-5.0,2.2,-0.6,0.4,-0.4,2.8,3.2,3.5,3.8,1.1
2016-06-30,4.9,4.5,4.4,16.0,4.3,8.7,3.6,6.0,,,,,,,,,,,,,,,,,,,
2016-07-01,,,,,,,,,,,0.8,0.2,-1.6,2.8,-10.9,-19.9,-1.0,-0.4,2.2,-0.6,0.3,0.0,3.3,3.1,3.3,4.1,0.9
2016-07-31,4.8,4.7,4.1,15.2,4.2,8.2,3.8,5.4,,,,,,,,,,,,,,,,,,,
2016-08-01,,,,,,,,,,,1.1,0.0,-1.9,2.8,-9.2,-17.8,-0.7,1.1,2.3,-0.5,0.3,0.0,4.4,3.2,3.4,5.1,0.7
2016-08-31,4.9,4.5,4.4,15.7,4.4,8.0,4.1,5.6,,,,,,,,,,,,,,,,,,,
2016-09-01,,,,,,,,,2.4,1.8,1.5,-0.3,-2.2,2.4,-2.9,-6.5,0.1,2.9,2.2,-0.6,-0.1,0.0,5.2,3.2,3.4,4.8,0.1
2016-09-30,5.0,4.7,4.4,16.1,4.4,8.5,3.8,6.2,,,,,,,,,,,,,,,,,,,
2016-10-01,,,,,,,,,,,1.6,-0.4,-2.3,2.4,0.1,-0.9,0.4,4.8,2.1,-0.5,0.7,0.3,5.0,3.0,3.5,4.1,-0.3
2016-10-31,4.9,4.6,4.4,15.8,4.4,8.5,3.4,5.7,,,,,,,,,,,,,,,,,,,
2016-11-01,,,,,,,,,,,1.7,-0.4,-2.2,2.3,1.1,1.0,0.2,6.2,2.1,-0.7,0.3,0.2,4.3,3.0,3.6,3.9,-0.3
2016-11-30,4.7,4.4,4.3,15.5,4.2,8.2,3.1,5.6,,,,,,,,,,,,,,,,,,,
2016-12-01,,,,,,,,,2.3,1.8,2.1,-0.2,-2.0,2.3,5.4,9.1,0.7,7.8,2.2,-0.6,-0.1,0.3,4.7,3.1,3.6,3.9,-0.2
2016-12-31,4.7,4.4,4.3,14.9,4.2,8.0,2.7,5.8,,,,,,,,,,,,,,,,,,,
2017-01-01,,,,,,,,,,,2.5,-0.2,-1.9,2.4,10.8,20.3,1.0,10.1,2.3,-0.2,1.0,0.9,4.7,3.1,3.5,3.6,-0.3
2017-01-31,4.7,4.3,4.3,14.6,4.2,7.5,3.6,5.8,,,,,,,,,,,,,,,,,,,
2017-02-01,,,,,,,,,,,2.7,0.0,-1.7,2.4,15.2,30.7,1.9,10.9,2.2,-0.5,0.4,0.5,4.1,3.1,3.5,3.4,-0.3
2017-02-28,4.6,4.2,4.2,14.6,4.0,8.0,3.5,5.6,,,,,,,,,,,,,,,,,,,
2017-03-01,,,,,,,,,2.6,1.9,2.4,0.5,-0.9,2.4,10.9,19.9,1.6,10.3,2.0,-0.6,0.6,0.2,3.9,2.9,3.5,3.4,-2.2
2017-03-31,4.4,4.2,4.0,13.4,3.8,7.8,3.2,5.0,,,,,,,,,,,,,,,,,,,
2017-04-01,,,,,,,,,,,2.2,0.5,-0.8,2.3,9.3,14.3,2.4,12.0,1.9,-0.6,0.5,0.4,2.6,2.7,3.5,3.1,-2.5
2017-04-30,4.4,3.9,4.1,14.4,3.9,7.7,3.3,5.2,,,,,,,,,,,,,,,,,,,
2017-05-01,,,,,,,,,,,1.9,0.9,-0.2,2.3,5.4,5.8,2.7,12.8,1.7,-0.8,-0.9,0.3,3.3,2.6,3.3,2.5,-2.5
2017-05-31,4.4,3.9,4.1,14.2,3.7,7.7,3.6,5.2,,,,,,,,,,,,,,,,,,,
2017-06-01,,,,,,,,,2.4,2.2,1.6,0.9,-0.1,2.2,2.3,-0.4,2.5,12.8,1.7,-0.6,-0.7,0.0,3.2,2.5,3.3,2.5,-2.4
2017-06-30,4.3,3.9,3.9,13.6,3.8,6.9,3.7,5.0,,,,,,,,,,,,,,,,,,,
2017-07-01,,,,,,,,,,,1.7,1.1,0.3,2.1,3.4,3.0,2.6,7.5,1.7,-0.6,-0.4,-0.6,3.7,2.4,3.2,2.3,-2.5
2017-07-31,4.3,4.0,3.9,13.2,3.8,7.3,3.7,5.1,,,,,,,,,,,,,,,,,,,
2017-08-01,,,,,,,,,,,1.9,1.1,0.3,2.2,6.4,10.4,2.3,5.4,1.7,-0.9,-0.6,-0.7,2.4,2.5,3.3,1.6,-2.6
2017-08-31,4.4,4.1,4.0,13.9,3.9,7.7,3.9,5.1,,,,,,,,,,,,,,,,,,,
2017-09-01,,,,,,,,,2.6,2.4,2.2,1.2,0.4,2.4,10.1,19.3,1.7,3.8,1.7,-1.0,-0.2,-1.0,1.0,2.6,3.2,1.7,-2.1
2017-09-30,4.3,3.9,3.9,12.9,3.7,7.2,3.6,5.1,,,,,,,,,,,,,,,,,,,
2017-10-01,,,,,,,,,,,2.0,1.3,0.6,2.3,6.4,10.8,2.0,3.2,1.8,-1.0,-0.6,-1.4,0.9,2.7,3.2,1.9,-1.8
2017-10-31,4.2,3.9,3.7,14.0,3.6,7.6,3.0,5.0,,,,,,,,,,,,,,,,,,,
2017-11-01,,,,,,,,,,,2.2,1.4,0.6,2.4,9.4,16.5,2.5,3.6,1.7,-0.9,-1.6,-1.1,1.8,2.5,3.2,1.6,-1.7
2017-11-30,4.2,3.8,3.7,16.2,3.7,7.5,3.1,4.9,,,,,,,,,,,,,,,,,,,
2017-12-01,,,,,,,,,2.8,2.3,2.1,1.6,0.9,2.5,6.9,10.7,2.6,4.7,1.8,-0.7,-1.6,-0.5,2.3,2.6,3.2,1.6,-1.7
2017-12-31,4.1,3.8,3.8,13.6,3.7,6.7,2.6,5.0,,,,,,,,,,,,,,,,,,,
2018-01-01,,,,,,,,,,,2.1,1.7,1.0,2.5,5.5,8.5,2.4,0.2,1.8,-0.7,-0.7,-1.2,1.8,2.6,3.2,2.0,-1.7
2018-01-31,4.0,3.7,3.6,13.8,3.5,7.5,2.9,4.9,,,,,,,,,,,,,,,,,,,
2018-02-01,,,,,,,,,,,2.2,1.4,0.5,2.6,7.7,12.6,2.2,3.8,1.8,-0.5,0.4,-1.5,1.6,2.6,3.1,1.8,-1.8
2018-02-28,4.1,3.6,3.7,14.4,3.6,6.8,3.0,4.9,,,,,,,,,,,,,,,,,,,
2018-03-01,,,,,,,,,2.9,2.5,2.4,1.3,0.4,2.5,7.0,11.1,2.2,3.4,2.1,-0.3,0.3,-1.2,1.4,2.9,3.3,2.1,-0.2
2018-03-31,4.0,3.6,3.7,13.2,3.5,6.7,3.1,4.9,,,,,,,,,,,,,,,,,,,
2018-04-01,,,,,,,,,,,2.5,1.4,0.5,2.5,7.9,13.4,1.2,1.0,2.1,-0.4,0.8,-1.6,1.9,2.9,3.4,2.2,0.1
2018-04-30,4.0,3.7,3.6,12.7,3.6,6.4,2.9,4.8,,,,,,,,,,,,,,,,,,,
2018-05-01,,,,,,,,,,,2.8,1.2,0.1,2.7,11.7,21.8,1.0,-0.8,2.2,-0.3,1.4,-1.1,2.7,3.0,3.5,2.3,0.5
2018-05-31,3.8,3.6,3.4,13.1,3.5,5.9,2.2,4.8,,,,,,,,,,,,,,,,,,,
2018-06-01,,,,,,,,,2.9,2.8,2.9,1.4,0.4,2.8,12.0,24.3,-0.1,-2.1,2.3,-0.2,0.6,-0.5,2.4,3.1,3.4,2.5,0.8
2018-06-30,4.0,3.7,3.6,12.6,3.5,6.4,3.2,4.5,,,,,,,,,,,,,,,,,,,
2018-07-01,,,,,,,,,,,2.9,1.4,0.4,2.8,12.1,25.4,-0.8,-1.3,2.4,0.0,0.3,0.2,0.4,3.1,3.5,2.3,1.0
2018-07-31,3.8,3.4,3.6,12.9,3.4,6.5,3.0,4.5,,,,,,,,,,,,,,,,,,,
2018-08-01,,,,,,,,,,,2.7,1.4,0.5,2.6,10.2,20.3,-0.5,0.1,2.2,-0.2,-1.4,0.3,0.3,3.0,3.4,1.9,1.2
2018-08-31,3.8,3.5,3.5,12.8,3.4,6.3,2.9,4.7,,,,,,,,,,,,,,,,,,,
2018-09-01,,,,,,,,,3.1,2.5,2.3,1.4,0.4,2.6,4.8,9.1,-1.2,-1.2,2.2,-0.3,-0.6,0.5,0.7,3.0,3.3,2.0,1.2
2018-09-30,3.7,3.5,3.3,12.3,3.3,6.1,3.5,4.6,,,,,,,,,,,,,,,,,,,
2018-10-01,,,,,,,,,,,2.5,1.2,0.1,2.5,8.9,16.1,0.7,-2.1,2.1,-0.1,-0.4,0.5,0.7,2.9,3.2,1.9,0.9
2018-10-31,3.8,3.6,3.4,12.1,3.4,6.5,3.1,4.4,,,,,,,,,,,,,,,,,,,
2018-11-01,,,,,,,,,,,2.2,1.4,0.4,2.6,3.1,5.0,0.6,-2.1,2.2,0.2,-0.4,0.3,0.6,2.9,3.2,2.4,0.2
2018-11-30,3.8,3.4,3.5,12.4,3.4,6.1,2.8,4.7,,,,,,,,,,,,,,,,,,,
2018-12-01,,,,,,,,,3.1,2.6,1.9,1.6,0.6,2.8,-0.3,-2.1,1.1,2.3,2.2,0.1,-0.1,-0.3,-0.5,2.9,3.2,2.6,0.2
2018-12-31,3.9,3.6,3.5,12.6,3.5,6.6,3.3,4.4,,,,,,,,,,,,,,,,,,,
2019-01-01,,,,,,,,,,,1.6,1.6,0.6,2.8,-4.8,-10.1,0.4,4.3,2.2,0.3,0.1,0.0,-0.3,2.8,3.2,2.4,0.3
2019-01-31,4.0,3.6,3.6,13.2,3.5,7.0,3.0,4.8,,,,,,,,,,,,,,,,,,,
2019-02-01,,,,,,,,,,,1.5,2.0,1.2,2.9,-5.0,-9.1,0.0,-2.6,2.1,0.1,-0.8,0.3,-1.1,2.7,3.4,2.4,0.6
2019-02-28,3.8,3.4,3.4,13.8,3.2,7.2,3.2,4.2,,,,,,,,,,,,,,,,,,,
2019-03-01,,,,,,,,,3.0,2.4,1.9,2.1,1.4,3.0,-0.4,-0.7,0.3,-1.4,2.0,0.0,-2.2,0.7,-0.6,2.7,3.4,2.3,0.8
2019-03-31,3.8,3.5,3.4,12.7,3.3,6.7,3.0,4.7,,,,,,,,,,,,,,,,,,,
2019-04-01,,,,,,,,,,,2.0,1.8,0.7,3.1,1.7,3.1,0.6,-1.9,2.1,-0.2,-3.0,1.2,0.2,2.8,3.4,2.3,0.9
2019-04-30,3.7,3.4,3.2,13.1,3.2,6.7,2.3,4.2,,,,,,,,,,,,,,,,,,,
2019-05-01,,,,,,,,,,,1.8,2.0,1.2,2.9,-0.5,-0.2,-0.2,-2.6,2.0,-0.2,-3.1,0.9,-0.7,2.7,3.3,2.8,0.7
2019-05-31,3.6,3.3,3.3,12.9,3.2,6.1,2.6,4.2,,,,,,,,,,,,,,,,,,,
2019-06-01,,,,,,,,,3.0,1.8,1.6,1.9,0.9,3.1,-3.4,-5.4,-0.3,-2.1,2.1,0.2,-1.3,0.6,-1.5,2.8,3.5,2.8,0.6
2019-06-30,3.6,3.3,3.3,12.6,3.3,5.8,2.0,4.3,,,,,,,,,,,,,,,,,,,
2019-07-01,,,,,,,,,,,1.8,1.8,0.6,3.2,-2.0,-3.3,0.5,-2.9,2.2,0.4,-0.5,0.3,-0.4,2.8,3.5,3.3,0.6
2019-07-31,3.7,3.4,3.3,12.6,3.4,5.7,2.8,4.5,,,,,,,,,,,,,,,,,,,
2019-08-01,,,,,,,,,,,1.7,1.7,0.5,3.2,-4.4,-7.1,-0.1,-3.5,2.4,0.8,1.0,0.2,0.1,2.9,3.4,4.3,0.6
2019-08-31,3.6,3.4,3.2,12.3,3.4,5.3,2.8,4.1,,,,,,,,,,,,,,,,,,,
2019-09-01,,,,,,,,,3.0,2.0,1.7,1.8,0.6,3.2,-4.8,-8.2,0.7,-2.7,2.4,0.7,-0.3,0.1,-0.3,2.9,3.5,4.4,0.4
2019-09-30,3.5,3.3,3.1,12.2,3.2,5.3,2.5,3.9,,,,,,,,,,,,,,,,,,,
2019-10-01,,,,,,,,,,,1.8,2.1,1.0,3.3,-4.2,-7.3,0.4,0.2,2.3,0.3,-2.3,0.1,1.0,3.0,3.3,5.1,0.5
2019-10-31,3.6,3.4,3.2,11.9,3.2,5.5,2.9,4.1,,,,,,,,,,,,,,,,,,,
2019-11-01,,,,,,,,,,,2.1,2.0,1.0,3.2,-0.6,-1.2,0.5,1.1,2.3,0.1,-1.6,-0.1,0.6,3.0,3.3,5.1,1.4
2019-11-30,3.6,3.2,3.3,12.0,3.2,5.5,2.6,4.3,,,,,,,,,,,,,,,,,,,
2019-12-01,,,,,,,,,3.0,1.9,2.3,1.8,0.7,3.1,3.4,7.9,-0.4,-3.5,2.3,0.1,-1.2,0.1,2.5,3.0,3.2,5.1,1.4
2019-12-31,3.6,3.2,3.3,12.6,3.2,6.0,2.6,4.2,,,,,,,,,,,,,,,,,,,
2020-01-01,,,,,,,,,,,2.5,1.8,0.7,3.1,6.2,12.8,0.5,-3.2,2.3,-0.3,-1.3,0.1,1.7,3.1,3.3,5.1,1.5
2020-01-31,3.6,3.2,3.3,12.6,3.1,6.4,3.0,4.3,,,,,,,,,,,,,,,,,,,
2020-02-01,,,,,,,,,,,2.3,1.8,0.8,3.0,2.8,5.6,0.6,-2.0,2.4,0.0,-0.9,0.4,1.8,3.1,3.3,5.3,1.5
2020-02-29,3.5,3.2,3.1,11.4,3.0,6.1,2.5,4.3,,,,,,,,,,,,,,,,,,,
2020-03-01,,,,,,,,,3.3,1.6,1.5,1.9,1.1,3.0,-5.7,-10.2,0.2,-2.9,2.1,-0.2,-1.6,-0.4,1.3,2.8,3.0,5.5,1.5
2020-03-31,4.4,4.1,4.0,14.3,3.9,7.0,4.1,6.0,,,,,,,,,,,,,,,,,,,
2020-04-01,,,,,,,,,,,0.3,3.5,4.1,2.8,-17.7,-32.0,0.2,-1.9,1.4,-0.9,-5.7,-0.6,0.7,2.2,2.6,5.8,1.6
2020-04-30,14.8,13.0,15.5,32.8,14.2,16.9,14.5,18.9,,,,,,,,,,,,,,,,,,,
2020-05-01,,,,,,,,,,,0.1,4.0,4.8,2.9,-18.9,-33.8,-0.2,-0.3,1.2,-1.0,-7.9,-0.3,0.8,2.0,2.5,5.9,1.6
2020-05-31,13.2,11.5,13.9,30.4,12.3,16.8,15.0,17.6,,,,,,,,,,,,,,,,,,,
2020-06-01,,,,,,,,,2.9,2.0,0.6,4.5,5.6,3.1,-12.6,-23.4,0.1,-0.2,1.2,-1.1,-7.3,-0.2,1.3,1.9,2.4,6.0,1.4
2020-06-30,11.0,10.1,11.2,22.4,10.0,15.3,13.6,14.5,,,,,,,,,,,,,,,,,,,
2020-07-01,,,,,,,,,,,1.0,4.1,4.6,3.4,-11.2,-20.3,-0.1,-0.3,1.6,-0.5,-6.5,0.5,1.1,2.3,2.3,5.9,2.3
2020-07-31,10.2,9.4,10.5,19.2,9.2,14.3,12.0,12.9,,,,,,,,,,,,,,,,,,,
2020-08-01,,,,,,,,,,,1.3,4.1,4.6,3.5,-9.0,-16.8,-0.1,-0.5,1.7,0.4,-5.9,0.7,0.8,2.2,2.3,5.3,2.3
2020-08-31,8.4,7.9,8.3,16.6,7.4,12.8,10.6,10.5,,,,,,,,,,,,,,,,,,,
2020-09-01,,,,,,,,,2.7,2.0,1.4,3.9,4.1,3.8,-7.7,-15.4,0.7,3.8,1.7,1.0,-6.0,1.0,0.9,1.9,2.0,4.9,2.1
2020-09-30,7.8,7.3,7.8,16.0,7.0,11.9,8.9,10.2,,,,,,,,,,,,,,,,,,,
2020-10-01,,,,,,,,,,,1.2,3.9,4.0,3.9,-9.2,-18.0,1.3,1.8,1.6,1.2,-5.5,1.5,-0.8,1.7,2.0,3.7,2.1
2020-10-31,6.8,6.7,6.4,13.9,6.0,10.8,7.5,8.8,,,,,,,,,,,,,,,,,,,
2020-11-01,,,,,,,,,,,1.2,3.7,3.6,3.8,-9.4,-19.3,1.6,4.4,1.6,1.4,-5.2,1.6,-1.1,1.7,1.9,3.2,1.9
2020-11-30,6.7,6.6,6.2,13.8,5.9,10.2,6.7,8.6,,,,,,,,,,,,,,,,,,,
2020-12-01,,,,,,,,,2.8,2.1,1.4,3.9,3.9,3.9,-7.0,-15.2,2.2,4.1,1.6,1.7,-3.9,2.0,-2.5,1.6,1.8,2.8,2.0
2020-12-31,6.7,6.4,6.3,15.8,6.1,9.9,6.0,9.3,,,,,,,,,,,,,,,,,,,
2021-01-01,,,,,,,,,,,1.4,3.8,3.7,3.9,-3.6,-8.6,1.5,4.3,1.4,1.7,-2.5,1.4,-2.3,1.3,1.6,2.9,1.7
2021-01-31,6.4,6.1,6.0,15.0,5.7,9.3,6.6,8.5,,,,,,,,,,,,,,,,,,,
2021-02-01,,,,,,,,,,,1.7,3.6,3.5,3.7,2.4,1.5,2.3,6.7,1.3,1.3,-3.6,1.2,-2.5,1.3,1.5,3.0,1.7
2021-02-28,6.2,6.0,5.9,13.9,5.6,9.9,5.1,8.5,,,,,,,,,,,,,,,,,,,
2021-03-01,,,,,,,,,3.0,2.5,2.6,3.5,3.3,3.7,13.2,22.5,2.5,9.8,1.6,1.7,-2.5,1.5,-2.4,1.6,1.7,2.7,1.5
2021-03-31,6.1,5.8,5.8,13.0,5.4,9.9,5.9,7.9,,,,,,,,,,,,,,,,,,,
2021-04-01,,,,,,,,,,,4.2,2.4,1.2,3.8,25.1,49.6,3.6,12.1,3.0,4.4,1.9,2.0,-1.7,2.5,2.1,2.2,1.7
2021-04-30,6.1,6.0,5.7,12.0,5.3,10.2,5.7,7.9,,,,,,,,,,,,,,,,,,,
2021-05-01,,,,,,,,,,,5.0,2.2,0.7,4.0,28.5,56.2,4.2,13.5,3.8,6.5,5.6,3.3,-1.9,2.9,2.2,1.5,1.9
2021-05-31,5.8,5.8,5.3,9.7,5.1,9.1,5.7,7.2,,,,,,,,,,,,,,,,,,,
2021-06-01,,,,,,,,,3.5,2.0,5.4,2.4,0.9,4.2,24.5,45.1,3.8,15.6,4.5,8.7,4.9,5.3,-2.2,3.1,2.6,1.0,2.1
2021-06-30,5.9,5.9,5.5,11.1,5.2,9.1,5.6,7.3,,,,,,,,,,,,,,,,,,,
2021-07-01,,,,,,,,,,,5.4,3.4,2.6,4.6,23.8,41.8,4.0,19.0,4.3,8.5,4.2,6.4,-2.1,2.9,2.8,0.8,1.1
2021-07-31,5.4,5.4,5.0,10.4,4.8,8.1,5.3,6.5,,,,,,,,,,,,,,,,,,,
2021-08-01,,,,,,,,,,,5.3,3.7,3.0,4.7,25.0,42.7,5.2,21.1,4.0,7.7,4.2,7.6,-2.5,2.7,2.8,1.0,1.2
2021-08-31,5.1,5.1,4.7,11.1,4.5,8.6,4.5,6.1,,,,,,,,,,,,,,,,,,,
2021-09-01,,,,,,,,,4.6,2.6,5.4,4.6,4.5,4.7,24.8,42.1,5.2,20.6,4.0,7.3,3.4,8.7,-1.6,2.9,3.2,0.9,1.7
2021-09-30,4.7,4.7,4.3,11.3,4.2,7.7,4.2,6.2,,,,,,,,,,,,,,,,,,,
2021-10-01,,,,,,,,,,,6.2,5.3,5.4,5.3,30.0,49.6,6.5,28.1,4.6,8.4,4.3,9.8,-0.4,3.2,3.5,1.7,1.8
2021-10-31,4.5,4.2,4.2,11.3,3.9,7.6,4.2,5.7,,,,,,,,,,,,,,,,,,,
2021-11-01,,,,,,,,,,,6.8,6.1,6.4,5.8,33.3,58.1,6.5,25.1,4.9,9.4,5.0,11.1,0.2,3.4,3.8,2.1,1.7
2021-11-30,4.1,3.9,3.9,10.9,3.7,6.4,3.8,5.0,,,,,,,,,,,,,,,,,,,
2021-12-01,,,,,,,,,5.0,2.9,7.0,6.3,6.5,6.0,29.3,49.6,6.3,24.1,5.5,10.7,5.8,11.8,0.4,3.7,4.1,2.5,1.6
2021-12-31,3.9,3.6,3.6,11.0,3.3,6.9,3.8,4.6,,,,,,,,,,,,,,,,,,,
2022-01-01,,,,,,,,,,,7.5,7.0,7.4,6.4,27.0,40.0,10.7,23.9,6.0,11.7,5.3,12.2,1.4,4.1,4.4,2.7,1.6
2022-01-31,4.0,3.8,3.6,11.2,3.4,7.0,3.6,4.7,,,,,,,,,,,,,,,,,,,
2022-02-01,,,,,,,,,,,7.9,7.9,8.6,6.8,25.6,38.0,9.0,23.8,6.4,12.3,6.6,12.4,2.5,4.4,4.7,2.4,1.6
2022-02-28,3.8,3.5,3.7,10.2,3.3,6.6,2.9,4.3,,,,,,,,,,,,,,,,,,,
2022-03-01,,,,,,,,,5.0,4.1,8.5,8.8,10.0,6.9,32.0,48.0,11.1,21.6,6.5,11.7,6.8,12.5,2.7,4.7,5.0,2.9,1.5
2022-03-31,3.6,3.4,3.4,10.3,3.2,6.4,2.7,4.2,,,,,,,,,,,,,,,,,,,
2022-04-01,,,,,,,,,,,8.3,9.4,10.8,7.2,30.3,43.6,11.0,22.7,6.2,9.7,5.4,13.2,2.1,4.9,5.1,3.5,1.0
2022-04-30,3.7,3.5,3.3,10.6,3.3,6.1,3.0,4.2,,,,,,,,,,,,,,,,,,,
2022-05-01,,,,,,,,,,,8.6,10.1,11.9,7.4,34.6,48.7,12.0,30.2,6.0,8.5,5.0,12.6,2.4,5.2,5.5,4.0,0.8
2022-05-31,3.6,3.4,3.4,10.5,3.2,6.2,2.4,4.4,,,,,,,,,,,,,,,,,,,
2022-06-01,,,,,,,,,5.7,5.3,9.1,10.4,12.2,7.7,41.6,59.9,13.7,38.4,5.9,7.2,5.2,11.4,3.2,5.5,5.6,4.8,0.8
2022-06-30,3.6,3.4,3.3,10.9,3.3,5.8,2.9,4.3,,,,,,,,,,,,,,,,,,,
2022-07-01,,,,,,,,,,,8.5,10.9,13.1,7.6,32.9,44.0,15.2,30.5,5.9,7.0,5.1,10.4,3.7,5.5,5.7,5.1,0.5
2022-07-31,3.5,3.3,3.1,11.2,3.1,5.9,2.7,4.0,,,,,,,,,,,,,,,,,,,
2022-08-01,,,,,,,,,,,8.3,11.4,13.5,8.0,23.8,25.6,15.8,33.0,6.3,7.1,5.1,10.1,4.1,6.1,6.2,5.6,0.5
2022-08-31,3.6,3.5,3.2,10.2,3.2,6.4,2.8,4.5,,,,,,,,,,,,,,,,,,,
2022-09-01,,,,,,,,,5.2,5.0,8.2,11.2,13.0,8.5,19.8,18.2,15.5,33.1,6.6,6.6,5.5,9.4,3.7,6.7,6.6,6.5,0.2
2022-09-30,3.5,3.3,3.1,11.4,3.0,5.8,2.5,3.9,,,,,,,,,,,,,,,,,,,
2022-10-01,,,,,,,,,,,7.7,10.9,12.4,8.6,17.6,17.5,14.1,20.0,6.3,5.1,4.1,8.4,3.1,6.7,6.9,5.4,0.0
2022-10-31,3.6,3.3,3.4,10.6,3.2,5.8,3.0,4.2,,,,,,,,,,,,,,,,,,,
2022-11-01,,,,,,,,,,,7.1,10.6,12.0,8.5,13.1,10.1,13.7,15.5,6.0,3.7,3.6,7.2,3.1,6.8,7.1,4.4,0.7
2022-11-30,3.6,3.3,3.3,11.3,3.2,5.6,2.6,4.0,,,,,,,,,,,,,,,,,,,
2022-12-01,,,,,,,,,5.1,4.8,6.5,10.4,11.8,8.3,7.3,-1.5,14.3,19.3,5.7,2.1,2.9,5.9,3.2,7.0,7.5,4.1,0.7
2022-12-31,3.5,3.1,3.2,10.5,3.0,5.7,2.4,4.2,,,,,,,,,,,,,,,,,,,
2023-01-01,,,,,,,,,,,6.4,10.1,11.3,8.2,8.7,1.5,11.9,26.7,5.6,1.4,3.1,5.8,3.4,7.2,7.9,3.0,1.0
2023-01-31,3.4,3.2,3.1,10.5,3.1,5.4,2.9,4.7,,,,,,,,,,,,,,,,,,,
2023-02-01,,,,,,,,,,,6.0,9.5,10.2,8.4,5.2,-2.0,12.9,14.3,5.5,1.0,3.3,5.8,3.2,7.3,8.1,2.1,1.0
2023-02-28,3.6,3.3,3.3,11.1,3.2,5.7,3.4,5.4,,,,,,,,,,,,,,,,,,,
2023-03-01,,,,,,,,,5.1,4.3,5.0,8.5,8.4,8.8,-6.4,-17.4,10.2,5.5,5.6,1.5,3.3,6.1,3.6,7.1,8.2,1.0,1.4
2023-03-31,3.5,3.4,3.2,9.9,3.2,5.1,2.8,4.6,,,,,,,,,,,,,,,,,,,
2023-04-01,,,,,,,,,,,4.9,7.7,7.1,8.6,-5.1,-12.2,8.4,-2.1,5.5,2.0,3.6,5.4,4.0,6.8,8.1,0.4,1.6
2023-04-30,3.4,3.3,3.1,9.3,3.1,4.8,2.8,4.4,,,,,,,,,,,,,,,,,,,
2023-05-01,,,,,,,,,,,4.0,6.7,5.8,8.3,-11.7,-19.7,5.9,-11.0,5.3,2.0,3.5,4.7,4.4,6.6,8.0,-0.1,1.5
2023-05-31,3.7,3.5,3.3,10.3,3.3,5.7,3.0,4.1,,,,,,,,,,,,,,,,,,,
2023-06-01,,,,,,,,,4.6,3.9,3.0,5.7,4.7,7.7,-16.7,-26.5,5.4,-18.6,4.8,1.3,3.1,4.1,4.2,6.2,7.8,-0.8,1.1
2023-06-30,3.6,3.4,3.1,11.2,3.1,6.0,3.1,4.2,,,,,,,,,,,,,,,,,,,
2023-07-01,,,,,,,,,,,3.2,4.9,3.6,7.1,-12.5,-19.9,3.0,-13.7,4.7,0.8,3.2,3.5,4.1,6.1,7.7,-1.5,1.2
2023-07-31,3.5,3.4,3.1,11.3,3.1,5.7,2.3,4.4,,,,,,,,,,,,,,,,,,,
2023-08-01,,,,,,,,,,,3.7,4.3,3.0,6.5,-3.6,-3.3,2.1,-16.5,4.3,0.2,3.1,2.9,4.5,5.9,7.3,-2.1,1.0
2023-08-31,3.8,3.7,3.2,12.3,3.4,5.3,3.2,4.9,,,,,,,,,,,,,,,,,,,
2023-09-01,,,,,,,,,4.5,3.9,3.7,3.7,2.4,6.0,-0.5,3.0,2.6,-19.9,4.1,0.0,2.3,2.5,4.2,5.7,7.2,-2.6,1.0
2023-09-30,3.8,3.8,3.1,11.8,3.4,5.7,2.9,4.6,,,,,,,,,,,,,,,,,,,
2023-10-01,,,,,,,,,,,3.2,3.3,2.1,5.4,-4.5,-5.3,2.4,-15.8,4.0,0.1,2.6,1.9,4.7,5.5,6.7,-2.0,0.9
2023-10-31,3.8,3.7,3.2,13.1,3.5,5.8,3.1,4.8,,,,,,,,,,,,,,,,,,,
2023-11-01,,,,,,,,,,,3.1,2.9,1.7,5.3,-5.4,-8.9,3.4,-10.4,4.0,0.0,1.1,1.3,5.0,5.5,6.5,-0.9,-0.1
2023-11-30,3.7,3.7,3.1,11.4,3.3,5.8,3.5,4.6,,,,,,,,,,,,,,,,,,,
2023-12-01,,,,,,,,,4.3,3.6,3.4,2.7,1.3,5.2,-2.0,-1.9,3.3,-13.8,3.9,0.2,1.0,1.0,4.7,5.3,6.2,-0.5,-0.1
2023-12-31,3.7,3.5,3.3,11.9,3.5,5.2,3.1,5.0,,,,,,,,,,,,,,,,,,,
2024-01-01,,,,,,,,,,,3.1,2.6,1.2,5.1,-4.6,-6.4,3.8,-17.8,3.9,-0.3,0.1,0.7,3.0,5.4,6.0,0.6,0.0
2024-01-31,3.7,3.6,3.2,10.6,3.4,5.3,2.9,5.0,,,,,,,,,,,,,,,,,,,
2024-02-01,,,,,,,,,,,3.2,2.2,1.0,4.5,-1.9,-3.9,3.6,-8.8,3.8,-0.3,0.0,0.4,2.9,5.2,5.7,1.1,0.4
2024-02-29,3.9,3.5,3.5,12.5,3.4,5.6,3.4,5.0,,,,,,,,,,,,,,,,,,,
2024-03-01,,,,,,,,,4.3,3.6,3.5,2.2,1.2,4.2,2.1,1.3,5.0,-3.2,3.8,-0.7,0.4,-0.1,2.5,5.4,5.7,2.1,0.2
2024-03-31,3.8,3.3,3.6,12.6,3.4,6.4,2.5,4.5,,,,,,,,,,,,,,,,,,,
2024-04-01,,,,,,,,,,,3.4,2.2,1.1,4.1,2.6,1.2,5.1,-1.9,3.6,-1.3,1.3,-0.4,2.5,5.3,5.5,2.7,0.4
2024-04-30,3.9,3.6,3.5,11.7,3.5,5.6,2.8,4.8,,,,,,,,,,,,,,,,,,,
2024-05-01,,,,,,,,,,,3.3,2.1,1.0,4.0,3.7,2.2,5.9,0.2,3.4,-1.7,0.8,-0.8,3.1,5.3,5.4,3.1,0.5
2024-05-31,4.0,3.8,3.4,12.3,3.5,6.1,3.1,5.0,,,,,,,,,,,,,,,,,,,
